{"train/loss":0.2609768135100603,"train/samples":40000,"train/update_s":0.1069736484438181,"_runtime":936.428228335,"train/grad_norm":23.834038391113282,"train/dataloading_s":0.0033576379669830203,"_timestamp":1.7650549388167858e+09,"_wandb":{"runtime":936},"train/lr":1.0000000000000021e-05,"_step":8000,"train/steps":8000,"train/episodes":157.9466929911155,"train/epochs":7.897334649555775,"train/l1_loss":0.13066238164901733,"train/kld_loss":0.009183824062347412}