{"_wandb":{"runtime":736},"train/kld_loss":0.015926087275147438,"train/samples":30000,"train/l1_loss":0.11418884992599487,"_timestamp":1.7650247999643517e+09,"train/grad_norm":29.829664173126222,"train/episodes":196.6568338249754,"train/steps":6000,"train/lr":1.0000000000000021e-05,"train/dataloading_s":0.003290345328859985,"train/epochs":9.83284169124877,"train/loss":0.3616909470409155,"_step":6000,"_runtime":736.115510485,"train/update_s":0.10548007543198765}